202-555-0162, Zimlon Cinn
202-555-0176, May-dla Swift
202-555-0174, Aletra Buphi
202-555-0114, Kato Vrand
202-555-0191, Trevin Anjek
202-555-0191, Sekiseki Tong
202-555-0139, Vare'l Secura
202-555-0198, Wyle Bardok
202-555-0185, Jax Prine
202-555-0166, Akela Bath
202-555-0182, Travar Sorotai
202-555-0108, Tarion Churhee
202-555-0174, Untel Stoma
202-555-0151, Magus Draav
202-555-0180, Fiolla Un-Haku
202-555-0186, Raphael Jenarian
202-555-0185, Torill Sim
202-555-0137, Raru Cath
202-555-0164, Gorg Chicri
202-555-0160, Nara Caltrel
202-555-0131, Kwyntehst Athzaria
202-555-0143, Marion Danigo
202-555-0150, Ronium Ky-knomi
202-555-0183, El'kar Bruvumon
